-- MySQL dump 10.15  Distrib 10.0.16-MariaDB, for Linux (armv7l)
--
-- Host: localhost    Database: nickdb1
-- ------------------------------------------------------
-- Server version	10.0.16-MariaDB-log

/*!40101 SET @OLD_CHARACTER_SET_CLIENT=@@CHARACTER_SET_CLIENT */;
/*!40101 SET @OLD_CHARACTER_SET_RESULTS=@@CHARACTER_SET_RESULTS */;
/*!40101 SET @OLD_COLLATION_CONNECTION=@@COLLATION_CONNECTION */;
/*!40101 SET NAMES utf8 */;
/*!40103 SET @OLD_TIME_ZONE=@@TIME_ZONE */;
/*!40103 SET TIME_ZONE='+00:00' */;
/*!40014 SET @OLD_UNIQUE_CHECKS=@@UNIQUE_CHECKS, UNIQUE_CHECKS=0 */;
/*!40014 SET @OLD_FOREIGN_KEY_CHECKS=@@FOREIGN_KEY_CHECKS, FOREIGN_KEY_CHECKS=0 */;
/*!40101 SET @OLD_SQL_MODE=@@SQL_MODE, SQL_MODE='NO_AUTO_VALUE_ON_ZERO' */;
/*!40111 SET @OLD_SQL_NOTES=@@SQL_NOTES, SQL_NOTES=0 */;

--
-- Table structure for table `clients`
--

DROP TABLE IF EXISTS `clients`;
/*!40101 SET @saved_cs_client     = @@character_set_client */;
/*!40101 SET character_set_client = utf8 */;
CREATE TABLE `clients` (
  `idclients` int(11) NOT NULL AUTO_INCREMENT,
  `fname` varchar(45) NOT NULL,
  `lname` varchar(45) NOT NULL,
  `dob` date DEFAULT NULL,
  `phone` varchar(10) DEFAULT NULL,
  `status` varchar(1) DEFAULT NULL,
  PRIMARY KEY (`idclients`)
) ENGINE=InnoDB AUTO_INCREMENT=68199 DEFAULT CHARSET=utf8;
/*!40101 SET character_set_client = @saved_cs_client */;

--
-- Dumping data for table `clients`
--

LOCK TABLES `clients` WRITE;
/*!40000 ALTER TABLE `clients` DISABLE KEYS */;
INSERT INTO `clients` VALUES (67611,'Marvin A.','Sachs','1931-01-04',' ',' '),(67612,'Anton','Lambousis','1922-04-01',' ',' '),(67613,'William S.','Sarama','1945-06-26',' ',' '),(67614,'Vishnuprasad','Bhatt','1943-03-19','2018380629',' '),(67615,'Marina F.','Forgnoni','1928-07-09',' ',' '),(67616,'Raymond S.','Cheesman','1959-05-15',' ',' '),(67617,'Michelle H.','Sarama','1952-02-24',' ',' '),(67618,'Diane W.','Johnson','1954-09-26',' ',' '),(67619,'Barbara A.','Brown','1949-09-20',' ',' '),(67620,'Mark P.','Johnson','1951-10-12',' ',' '),(67621,'Karen A.','Iadarola','1948-07-21',' ',' '),(67622,'Mary E.','Bickler','1949-05-21',' ',' '),(67623,'James R.','Dinkins','1955-10-17',' ',' '),(67624,'Lisa A.','Vuolo','1959-09-10',' ',' '),(67625,'Bruce','Watts','1954-10-07',' ',' '),(67626,'Gayle R.','Devoe','1956-05-14',' ',' '),(67627,'Joanne M.','Miller','1956-05-19',' ',' '),(67628,'Margaret E.','Endlicher','1942-11-07',' ',' '),(67629,'Adele M.','Falken','1927-07-19',' ',' '),(67630,'John R.','Delaney','1966-04-16',' ',' '),(67631,'Michael R.','Delaney','1967-10-09',' ',' '),(67632,'Phyllis','Delaney','1944-01-09',' ',' '),(67633,'Robert R.','Delaney','1972-06-23',' ',' '),(67634,'Lisa M.','Bowers','1975-11-16',' ',' '),(67635,'Walter J.','Endlicher','1976-11-22',' ',' '),(67636,'Joseph','Endlicher','1935-06-12',' ',' '),(67637,'John','Kozeradsky','1941-10-20',' ',' '),(67638,'Maureen A.','Maher','1938-08-04',' ',' '),(67639,'John F.','Leonard','1942-02-07',' ',' '),(67640,'Carolyn L.','Colligan','1936-07-04',' ',' '),(67641,'Cindy M.','Schwartz','1959-02-10',' ',' '),(67642,'Kenneth F.','Schwartz','1985-03-28',' ',' '),(67643,'Stephen','Colligan','1937-04-20',' ',' '),(67644,'Christopher G.','Weigl','1951-12-02',' ',' '),(67645,'Vincent G.','De Paola','1959-06-21',' ',' '),(67646,'Scott P.','Brandt','1968-03-16',' ',' '),(67647,'Kathleen M.','Kroczynski','1971-06-01',' ',' '),(67648,'Robert J.','Kroczynski','1968-06-21',' ',' '),(67649,'Helen K.','Kroczynski','1934-12-17',' ',' '),(67650,'Michael E.','Lehman','1960-01-28',' ',' '),(67651,'Cynthia M.','Adinolfi','1952-12-16',' ',' '),(67652,'Brahmaji S.','Puram','1950-06-30',' ',' '),(67653,'Carl G.','Hochstaedt','1969-01-16',' ',' '),(67654,'Barbara P.','Maher','1933-10-30',' ',' '),(67655,'Sharen P.','Weissman','1954-07-28',' ',' '),(67656,'Robert D.','Weissman','1944-04-11',' ',' '),(67657,'Linda J.','De Paola','1959-06-26',' ',' '),(67658,'Barry M.','Miller','1947-08-08',' ',' '),(67659,'Miriam T.','Hahn','1962-06-18',' ',' '),(67660,'Linda F.','Ambacher','1958-06-30',' ',' '),(67661,'William P.','Ambacher','1962-08-01',' ',' '),(67662,'Rita','Hoban','1930-07-04',' ',' '),(67663,'Charles P.','Fernicola','1956-06-24',' ',' '),(67664,'Stuart A.','Engelke','1947-08-29',' ',' '),(67665,'Frank W.','Dec','1963-07-17',' ',' '),(67666,'Jean M.','Bremy','1959-02-20',' ',' '),(67667,'Maryellen','Bigelow','1958-01-05',' ',' '),(67668,'Richard','Roig','1944-03-08','9736841501',' '),(67669,'Jordan M.','Bolebruch','1990-03-25',' ',' '),(67670,'Thomas P.','Eberling','1963-03-23',' ',' '),(67671,'Mary A.','Mc Millan','1934-07-29',' ',' '),(67672,'Cindi B.','Ebert','1956-03-07',' ',' '),(67673,'Susan','Castagno','1956-05-29',' ',' '),(67674,'Sunny M.','Krom','1958-07-01',' ',' '),(67675,'Victoria','Fudjinski','1965-09-11',' ',' '),(67676,'Richard A.','Librett','1948-06-28',' ',' '),(67677,'Julia A.','Rossetti','1955-10-16',' ',' '),(67678,'Lloyd M.','Friedland','1948-09-05',' ',' '),(67679,'Steven R.','Parvin','1951-07-22',' ',' '),(67680,'Linda A.','Falk','1955-05-08',' ',' '),(67681,'Sheri L.','Dixon','1960-06-29',' ',' '),(67682,'John J.','Dimaggio','1962-01-28',' ',' '),(67683,'Lisa','Di Maggio','1963-02-01',' ',' '),(67684,'Mary E.','Howard','1951-02-27',' ',' '),(67685,'Pamela','Kramsch','1951-10-13',' ',' '),(67686,'Joyce J.','Mancini','1933-09-18',' ',' '),(67687,'Anne K.','Leonard','1988-06-03',' ',' '),(67688,'George G.','Viccaro','1937-12-14',' ',' '),(67689,'Salvatore','Bellini','1961-12-17',' ',' '),(67690,'Barbara U.','Sullivan','1949-07-19',' ',' '),(67691,'Thomas A.','Sullivan','1946-08-22',' ',' '),(67692,'Richard','Wactlar','1949-07-23',' ',' '),(67693,'Feliz','Narciso','1960-03-15',' ',' '),(67694,'Janet L.','Shannon','1937-12-17',' ',' '),(67695,'Michele','Geoffrion','1967-05-09',' ',' '),(67696,'Ingrid T.','Betancourt','1956-11-13',' ',' '),(67697,'Kathie M.','Steinhoff','1955-05-29',' ',' '),(67698,'William','Giaquinto','1963-04-02',' ',' '),(67699,'Allison G.','Pearsall','1955-10-11',' ',' '),(67700,'Robert W.','Miller','1949-02-16',' ',' '),(67701,'Ann M.','Esak','1956-05-15',' ',' '),(67702,'John','Kowalchuk','1963-08-22',' ',' '),(67703,'Heather','Petrollese','1958-07-22',' ',' '),(67704,'William','Berg','1942-12-08',' ',' '),(67705,'Peter W.','Mccormack','1962-09-03','2017881308',' '),(67706,'Antoinett M.','Cerasia','1960-04-07',' ',' '),(67707,'Theresa E.','Barbetta','1994-09-28',' ',' '),(67708,'Michael J.','Buttros','1956-01-05','2014176706',' '),(67709,'Antonina F.','Dilonardo','1961-05-16',' ',' '),(67710,'John A.','Dilonardo','1960-05-06',' ',' '),(67711,'Michelle','Geoffrion','1967-05-09',' ',' '),(67712,'Patrick J.','Reynolds','1965-11-28',' ',' '),(67713,'Lisa','Reynolds','1969-01-13',' ',' '),(67714,'Alexander Q.','De Gala','1947-03-21',' ',' '),(67715,'Leonard','Mosco','1959-12-26',' ',' '),(67716,'Fabiana V.','Almironperez','1968-10-26',' ',' '),(67717,'Rose','Cascetta','1973-07-18',' ',' '),(67718,'Mario A.','Romo','1967-06-28',' ',' '),(67719,'Christina A.','Romo','1967-09-07',' ',' '),(67720,'Victoria M.','Romo','1993-09-26',' ',' '),(67721,'Carolyn','Picardo','1958-05-19',' ',' '),(67722,'Elaine L.','Otte','1939-07-29',' ',' '),(67723,'Lisa J.','Dalessandro','1965-12-05',' ',' '),(67724,'Kurt S.','Dalessandro','1961-08-30',' ',' '),(67725,'Michael','Orourke','1955-03-15',' ',' '),(67726,'Amy','Orourke','1961-04-04',' ',' '),(67727,'Gerline','Carpenter','1940-02-10',' ',' '),(67728,'Olivia D.','Alessandro','1997-04-28',' ',' '),(67729,'Margaret A.','Kowalchuk','1963-10-01',' ',' '),(67730,'Nicholas','Minicucci','1947-09-12',' ',' '),(67731,'Linda A.','Duane','1957-01-11',' ',' '),(67732,'Michael','Andolina','1969-04-07',' ',' '),(67733,'Giulia','Andolina','1967-05-05',' ',' '),(67734,'Kathryn','Mullaney','1947-03-27',' ',' '),(67735,'Diane','Quaranta','1956-03-22',' ',' '),(67736,'Robert F.','Supino','1943-03-03',' ',' '),(67737,'Uwe','Dreyhaupt','1941-06-01',' ',' '),(67738,'Francisco J.','Barrera','1945-12-03',' ',' '),(67739,'Evangelista','Barrera','1946-03-19',' ',' '),(67740,'Robert G.','Zupp','1963-07-31',' ',' '),(67741,'Karen S.','Manger Zupp','1963-02-10',' ',' '),(67742,'Yvonne M.','Cato','1962-09-15',' ',' '),(67743,'Anthony M.','Scozzafava','1963-06-10',' ',' '),(67744,'Ana M.','Goncalves','1937-12-19','2016410970',' '),(67745,'Edward','Lieberman','1959-06-14',' ',' '),(67746,'Charles L.','Hopper','1963-12-20',' ',' '),(67747,'Cynthia A.','Hopper','1959-07-19',' ',' '),(67748,'Bruce K.','Cunningham','1956-09-23',' ',' '),(67749,'Eleanor','Greenwood','1935-04-20',' ',' '),(67750,'Frank V.','Bartolini','1962-05-31',' ',' '),(67751,'Joseph I.','Moroze','1967-05-02','2147704426',' '),(67752,'Wendy E.','Moroze','1967-09-08',' ',' '),(67753,'Charles T.','Caruso','1937-12-24',' ',' '),(67754,'Frank','Pierce','1940-11-16',' ',' '),(67755,'Alfred','Pierce','1939-01-15',' ',' '),(67756,'Shirley A.','Arraiz','1935-08-18',' ',' '),(67757,'Robert F.','Duffy','1949-03-22',' ',' '),(67758,'Edward J.','Burns','1921-03-16',' ',' '),(67759,'Sylvia B.','Carroll','1939-01-21',' ',' '),(67760,'Charles G.','Finocchiaro','1963-01-31',' ',' '),(67761,'Dilip','Mewani','1964-11-16',' ',' '),(67762,'Tulsi B.','Kheskwani','1956-12-27',' ',' '),(67763,'Anna M.','Eucker','1966-10-04',' ',' '),(67764,'Grace O.','Bakker','1931-05-22',' ',' '),(67765,'Dawn M.','Miller','1967-01-05',' ',' '),(67766,'Scott V.','Vera','1985-02-12',' ',' '),(67767,'Kaitlyn M.','Summers','1998-08-07',' ',' '),(67768,'Sean M.','Summers','1993-08-21',' ',' '),(67769,'Marisa L.','Summers','1995-11-12',' ',' '),(67770,'Emily V.','Dalessandro','1999-07-05',' ',' '),(67771,'Acee','Maschang','1975-11-08',' ',' '),(67772,'Howei','Fan','1958-12-13',' ',' '),(67773,'Grace T.','Fan','1959-08-15',' ',' '),(67774,'Barbara','Siderias','1951-01-10',' ',' '),(67775,'Dani B.','Berger','1959-08-09',' ',' '),(67776,'Jonathan G.','Berger','1960-09-27',' ',' '),(67777,'Salvatore J.','Iacone','1945-12-25',' ',' '),(67778,'Annette','Singh','1961-06-08',' ',' '),(67779,'Tian','Gao','1971-09-30',' ',' '),(67780,'Maria M.','Zeoli','1971-08-19',' ',' '),(67781,'William C.','Black','1931-03-21',' ',' '),(67782,'Julio F.','Garbayo','1962-06-27',' ',' '),(67783,'Hani R.','Barsoum','1966-04-10',' ',' '),(67784,'Salvador D.','Sta Maria','1974-12-30',' ',' '),(67785,'Manoj T.','Philip','1969-10-27',' ',' '),(67786,'Abidemi','Olufisayo','1967-12-15',' ',' '),(67787,'Cheryl','Graziano','1972-07-22',' ',' '),(67788,'Vincent N.','Zeoli','1970-06-06',' ',' '),(67789,'Geoffrey F.','Ames','1959-02-04',' ',' '),(67790,'Marcello F.','Logatto','1962-05-11',' ',' '),(67791,'David C.','Denise','1948-03-11',' ',' '),(67792,'Kathleen M.','Obrien','1949-01-17',' ',' '),(67793,'Luke S.','Dalessandro','2002-07-04',' ',' '),(67794,'Elise M.','Dalessandro','2002-07-04',' ',' '),(67795,'Steven B.','Pilavin','1962-01-23',' ',' '),(67796,'Kevin J.','Reilly','1971-02-11',' ',' '),(67797,'Eileen O.','Reilly','1970-05-18',' ',' '),(67798,'Scott','Weinstein','1957-05-31',' ',' '),(67799,'Lynda M.','Villareal','1969-09-11',' ',' '),(67800,'Marguerite M.','Ocello','1943-11-30',' ',' '),(67801,'Martin M.','Cummings','1964-05-23',' ',' '),(67802,'Bart R.','Diaz','1974-04-18',' ',' '),(67803,'Debra M.','Diaz','1977-06-26',' ',' '),(67804,'Howard N.','Davis','1963-03-12',' ',' '),(67805,'Robert M.','Koller','1952-05-12',' ',' '),(67806,'Sandy P.','Cerami','1967-07-14',' ',' '),(67807,'Kedar','Vengurlekar','1972-12-31',' ',' '),(67808,'Darina','Vengurlekar','1976-01-28',' ',' '),(67809,'Leonard S.','Parisi','1959-12-26',' ',' '),(67810,'Carol L.','Damato','1960-12-30',' ',' '),(67811,'Robert J.','Taffaro','1961-07-11',' ',' '),(67812,'Jacqueline','Barry','1962-12-27',' ',' '),(67813,'Paul','Bugoni','1961-08-23',' ',' '),(67814,'Natasha H.','Mahtani','1963-09-22',' ',' '),(67815,'Sherina N.','Mahtani','1967-02-22',' ',' '),(67816,'Martin','Barry','1963-10-30',' ',' '),(67817,'Leena G.','Mahtani','1959-05-26',' ',' '),(67818,'Kevin T.','Duncan','1958-09-24',' ',' '),(67819,'Tara','Velazquez','1979-02-06',' ',' '),(67820,'Jose A.','Velazquez','1975-03-25',' ',' '),(67821,'Lawrence A.','Devencentis','1970-08-02',' ',' '),(67822,'Charles W.','Hopper','2002-05-03',' ',' '),(67823,'Samuel D.','Hopper','2003-03-10',' ',' '),(67824,'Nancy','Niedzwiecki','1936-12-23',' ',' '),(67825,'Piotr','Radzik','1976-02-18',' ',' '),(67826,'Craig A.','Sigler','1957-03-05',' ',' '),(67827,'Eric W.','Eucker','1957-08-20',' ',' '),(67828,'Marco H.','Solari','1967-11-21',' ',' '),(67829,'Robert A.','Lubin','1958-11-04',' ',' '),(67830,'Barbara','Bugoni','1962-09-22',' ',' '),(67831,'Denis F.','Reilly','1944-06-23',' ',' '),(67832,'Lori B.','Parisi','1961-09-29',' ',' '),(67833,'Rama','Duvvuri','1961-06-29',' ',' '),(67834,'Howard S.','Apirian','1947-04-15','9738092852',' '),(67835,'Gregory K.','Ajamian','1957-11-05',' ',' '),(67836,'Gail O.','Denise','1954-09-30',' ',' '),(67837,'Gordhan G.','Mahtani','1957-11-01',' ',' '),(67838,'Harish G.','Mahtani','1955-10-02',' ',' '),(67839,'Hari G.','Mahtani','1959-08-04',' ',' '),(67840,'Monohar G.','Mahtani','1961-07-18',' ',' '),(67841,'Nirmal G.','Mahtani','1962-10-30',' ',' '),(67842,'Kenneth','Kalman','1969-08-18',' ',' '),(67843,'Benedito C.','Ewerton','1962-09-12',' ',' '),(67844,'Maciej','Gorbacz','1975-01-27',' ',' '),(67845,'Asai M.','Maschang','1993-07-10',' ',' '),(67846,'David A.','Pisanelli','1955-08-20','8454323841',' '),(67847,'Kenneth R.','Kuhl','1963-03-20',' ',' '),(67848,'Barry','Barth','1951-11-30',' ',' '),(67849,'Irene','Ross','1958-01-10',' ',' '),(67850,'Jennifer K.','Marcum','1971-08-24',' ',' '),(67851,'Brian J.','Marcum','1972-05-17',' ',' '),(67852,'April W.','Papay','1965-07-07',' ',' '),(67853,'Francis J.','Lamparelli','1966-05-13',' ',' '),(67854,'Wendy A.','Lamparelli','1966-12-18',' ',' '),(67855,'Payal G.','Mahtani','1969-12-30',' ',' '),(67856,'Lawrence J.','Jacobs','1965-06-26',' ',' '),(67857,'Mary','Kalman','1972-10-24',' ',' '),(67858,'Jonathan J.','Blevis','1983-05-25',' ',' '),(67859,'John','Blevis','1959-08-10',' ',' '),(67860,'Patricia A.','Blevis','1974-10-09',' ',' '),(67861,'Jorge','Triana','1961-12-28',' ',' '),(67862,'Iliana','Triana','1962-03-12',' ',' '),(67863,'Kathleen','Walsh','1956-12-28',' ',' '),(67864,'Mark S.','Sena','1959-09-19',' ',' '),(67865,'Michele A.','Andolina','2000-06-13',' ',' '),(67866,'Francesca N.','Andolina','2004-03-25',' ',' '),(67867,'Anthony J.','Pace','1944-06-05',' ',' '),(67868,'John J.','Schittig','1956-12-29',' ',' '),(67869,'Daniel T.','Fitzgerald','1968-05-18',' ',' '),(67870,'Mara G.','Dunn','1968-06-16',' ',' '),(67871,'Debra','Brown','1959-08-10',' ',' '),(67872,'Babak','Pasdar','1968-04-18','2016158988',' '),(67873,'Raymond E.','Dunn','1969-12-22',' ',' '),(67874,'Themis','Maschang','1958-01-15',' ',' '),(67875,'Todd C.','Melton','1978-05-19',' ',' '),(67876,'Kevin P.','Brendlen','1957-02-22',' ',' '),(67877,'Richard S.','Latour','1959-01-23',' ',' '),(67878,'Nathan','Senderkis','1957-06-27',' ',' '),(67879,'Linda D.','Denise','1960-04-27',' ',' '),(67880,'Matthew','Coffy','1967-05-09','9085316768',' '),(67881,'Mary','Coffy','1966-12-07',' ',' '),(67882,'Donna M.','Jacobs','1963-10-08',' ',' '),(67883,'Joshua','Wei','1973-07-30',' ',' '),(67884,'Heather J.','Solari','1973-05-05',' ',' '),(67885,'John A.','Monroe','1960-11-02',' ',' '),(67886,'Jacky','Dupont','1959-01-09',' ',' '),(67887,'Stacy R.','Hagan','1975-04-21',' ',' '),(67888,'William P.','Nugent','1964-08-20',' ',' '),(67889,'Federico','Balestra','1975-05-18','6469324850',' '),(67890,'Joanne T.','Kissane','1969-03-14',' ',' '),(67891,'Patrick','Kissane','1967-12-18',' ',' '),(67892,'Julio C.','Mas','1957-05-07',' ',' '),(67893,'Aditya','Ahuja','1971-08-22',' ',' '),(67894,'Steven','Rudersdorf','1950-01-27',' ',' '),(67895,'Madaline','Rudersdorf','1961-06-21',' ',' '),(67896,'Richard C.','Walsh','1968-04-17',' ',' '),(67897,'Vladimir','Nieginski','1946-12-03',' ',' '),(67898,'Rosa','Nieginski','1947-01-08',' ',' '),(67899,'Carol A.','Lindner','1949-09-22',' ',' '),(67900,'William','Otte','1946-12-23',' ',' '),(67901,'Marco S.','Martello','1979-06-19',' ',' '),(67902,'Abby N.','Martello','1979-02-26',' ',' '),(67903,'Robert','Sperry','2008-09-04',' ',' '),(67904,'Katelyn R.','Sperry','2007-04-26',' ',' '),(67905,'Curtis','Burns','1963-05-06',' ',' '),(67906,'Maureen A.','Pedersen','1957-02-06',' ',' '),(67907,'Kirrilee A.','Berger','1999-08-18',' ',' '),(67908,'Irais F.','Pavia','1966-09-22',' ',' '),(67909,'William B.','Mcmorrow','1978-02-05',' ',' '),(67910,'Gail','Greenwald','1955-05-25',' ',' '),(67911,'Anselmo V.','Dimatteo','1958-06-10',' ',' '),(67912,'Mitchell H.','Allen','1986-09-16',' ',' '),(67913,'Thomas F.','Montemurro','1970-12-29',' ',' '),(67914,'Reid W.','Conway','1971-10-16',' ',' '),(67915,'Catherine F.','Denis','1953-08-03','2016150246',' '),(67916,'William J.','Manning','1961-03-19',' ',' '),(67917,'Coleen M.','Mcveigh','1963-10-05',' ',' '),(67918,'James','Cuevas','1981-05-25',' ',' '),(67919,'Denise','Cuevas','1984-01-17',' ',' '),(67920,'Uri','Fintzy','1984-03-22',' ',' '),(67921,'Aaliyah M.','Buttro','2009-02-14',' ',' '),(67922,'Alesha M.','Buttros','2009-02-14',' ',' '),(67923,'Joseph','Sluzis','1973-10-20',' ',' '),(67924,'Neil','Gargiulo','1952-06-02',' ',' '),(67925,'James J.','Bacchiocchi','1955-09-26',' ',' '),(67926,'Anthony','Falcone','1974-04-11',' ',' '),(67927,'Stacy','Falcone','1972-04-17',' ',' '),(67928,'Renelle','Pinos','1970-02-12',' ',' '),(67929,'Barbara E.','Krekstein','1954-10-08',' ',' '),(67930,'Howard','Davis','1963-03-12',' ',' '),(67931,'Louis','Denis','1957-05-26',' ',' '),(67932,'Christopher','Denis','1963-06-16',' ',' '),(67933,'Richard D.','Mills','1961-04-30',' ',' '),(67934,'Brett','Gray','1984-02-08',' ',' '),(67935,'Aage','Ulland','1946-04-12',' ',' '),(67936,'Walter','Meyers','1946-08-10',' ',' '),(67937,'Marisa A.','Sabia','1974-05-28',' ',' '),(67938,'April','Callahan','1982-12-17',' ',' '),(67939,'Lori A.','Sperry','1977-08-28',' ',' '),(67940,'Robert C.','Sperry','1970-02-01',' ',' '),(67941,'Victoria A.','Manning','1961-08-28',' ',' '),(67942,'Evan','Sperry','2011-09-19',' ',' '),(67943,'Chadam B.','Wieber','1973-10-24',' ',' '),(67944,'V R.','Schmucker','1948-07-07',' ',' '),(67945,'John','Schmucker','1951-09-05',' ',' '),(67946,'Heidi M.','Fischer','1963-09-20',' ',' '),(67947,'Michael','Palombi','1959-04-18',' ',' '),(67948,'Lauren','Carpenter','1985-12-09',' ',' '),(67949,'Nicole','Carpenter','1989-08-24',' ',' '),(67950,'Jeffrey','Carpenter','1994-09-01',' ',' '),(67951,'Kayla','Guarino','2011-08-18',' ',' '),(67952,'Philip','Hanapole','1947-03-04',' ',' '),(67953,'Tony','Kalish','1987-09-20',' ',' '),(67954,'Stephanie','Ivanciu','1982-04-25',' ',' '),(67955,'Stephen H.','Bokman','1960-01-12',' ',' '),(67956,'Laura','Moss','1969-09-08',' ',' '),(67957,'Lori','Sperry','1977-08-28',' ',' '),(67958,'Errol','Rosario','1972-12-10',' ',' '),(67959,'Dorin','Rosario','1974-11-17',' ',' '),(67960,'Douglas','Ernst','1963-09-23',' ',' '),(67961,'Michelle','Ernst','1964-07-13',' ',' '),(67962,'Rachel','Fossett','1941-07-29',' ',' '),(67963,'Terri A.','Smith','1962-02-27',' ',' '),(67964,'Taryn E.','Duffy','1971-05-19',' ',' '),(67965,'Mauro C.','Casci','1950-07-29',' ',' '),(67966,'Luis E.','Ricart','1943-05-26',' ',' '),(67967,'Paul S.','Rosenkampff','1979-11-23',' ',' '),(67968,'Keri A.','Rosenkampff','1978-10-30',' ',' '),(67969,'Joseph','Mauro','1977-01-25',' ',' '),(67970,'Marc','Caprio','1973-02-16',' ',' '),(67971,'Marie','Baldwin','1955-11-13','6095777217',' '),(67972,'Gustavo A.','Miron','1976-09-10',' ',' '),(67973,'Norayir','Gocmen','1963-10-11',' ',' '),(67974,'Andrew','Berenberg','1984-07-03',' ',' '),(67975,'Kevork K.','Ucarian','1959-10-18','2017246556',' '),(67976,'Norayr','Gocmen','1963-10-11',' ',' '),(67977,'Marlon','Ortiz','1976-11-07',' ',' '),(67978,'Adrina','Ucarian','1994-11-16',' ',' '),(67979,'Vinita D.','Mewani','1969-08-24',' ',' '),(67980,'Gary L.','Blond','1955-12-16',' ',' '),(67981,'Cindy','Blond','1957-07-05',' ',' '),(67982,'Caterina','Castaldo','1958-11-21','9147294794',' '),(67983,'Cheryl A.','Ledney','1947-03-12',' ',' '),(67984,'Todd','Mastrobuoni','1972-06-20',' ',' '),(67985,'Viviana','Mastrobuoni','1980-03-17',' ',' '),(67986,'Vincent','Zeoli','1970-06-06','9144191627',' '),(68122,'Drew Ann','Rodney','0000-00-00','2012144637','1'),(68123,'Edwin','Pou','0000-00-00','9734606944','1'),(68124,'Sheila','Pongnon','0000-00-00','3472197358','1'),(68125,'Jennifer','Ra','0000-00-00','','1'),(68126,'Malin','Sadler','0000-00-00','7206954852','1'),(68127,'Tim','Meyer','0000-00-00','9738978683','1'),(68128,'Ken','Music','0000-00-00','','1'),(68129,'Jack','Ardon','0000-00-00','2018716111','1'),(68130,'Suzie','King','0000-00-00','9732233021','1'),(68131,'Jason','Haber','0000-00-00','2013904991','1'),(68132,'Ashok','Mewani','0000-00-00','2018735623','1'),(68133,'Frank','Bachrach','0000-00-00','9736841502','1'),(68134,'Debra','Delafave','0000-00-00','7325310309','1'),(68135,'Albert','Alonso','0000-00-00','9737687052','1'),(68136,'Aiden','Quinn','0000-00-00','3474140862','1'),(68137,'June','Reynolds','0000-00-00','','1'),(68138,'Linda','Kelish','0000-00-00','2012067886','1'),(68139,'Steve','Gargulio','0000-00-00','2015635909','1'),(68140,'Ovi','Mihuo','1967-09-30','9173634085','1'),(68141,'Lawrence','Ottaviano','0000-00-00','9176040314','1'),(68142,'Paul','Ottaviano','0000-00-00','3474088934','1'),(68143,'Richard','Roig','0000-00-00','9736841501','1'),(68144,'Dan','Santora','0000-00-00','2013847000','1'),(68145,'Bob','Miller','0000-00-00','2017476919','1'),(68146,'Steven','Stallsmith','0000-00-00','9734497898','1'),(68147,'Lisa','Alonso','0000-00-00','9739516321','1'),(68148,'Stephen','Denis','0000-00-00','2016947758','1'),(68149,'Tim','Moran','2015-01-21','9148065381','1'),(68150,'FEATURE','REQUEST','0000-00-00','','1'),(68151,'Awais','Siddiki','0000-00-00','2157914562','1'),(68152,'Chris','Riote','0000-00-00','9147294794','1'),(68153,'Dawn','Stanley','0000-00-00','6465742318','1'),(68154,'Alan','Kocijan','0000-00-00','9177312544','1'),(68155,'Barnabe','Kouassi','0000-00-00','9175593051','1'),(68156,'Karamoko','Berthe','0000-00-00','9174161064','1'),(68157,'Marco','Muniz','0000-00-00','9175593309','1'),(68158,'Ddyod','Chin','0000-00-00','9177312175','1'),(68159,'Pam','Mellor','0000-00-00','','1'),(68160,'Jack','Workman','0000-00-00','6462085876','1'),(68161,'Bob','Bauerle','0000-00-00','5518041237','1'),(68162,'Jim','Kirk','0000-00-00','2013830660','1'),(68163,'Maritza','Ocasio','1962-03-25','2018716111','1'),(68164,'Nancy','Sullivan','0000-00-00','','1'),(68165,'ALERT','','0000-00-00','','1'),(68183,'client02','test','0000-00-00','','1'),(68193,'client12','test','0000-00-00','','1'),(68194,'Test2','Test','1978-07-27','2827373829','1'),(68195,'newthing','test','1995-02-18','1234847382','1'),(68196,'newthing','test','1995-02-18','1234847382','1'),(68197,'Test2','Test','1978-07-27','2827373829','1'),(68198,'Bill','Moody','0000-00-00','2022744684','1');
/*!40000 ALTER TABLE `clients` ENABLE KEYS */;
UNLOCK TABLES;

--
-- Table structure for table `deleted_ifa`
--

DROP TABLE IF EXISTS `deleted_ifa`;
/*!40101 SET @saved_cs_client     = @@character_set_client */;
/*!40101 SET character_set_client = utf8 */;
CREATE TABLE `deleted_ifa` (
  `idifa` int(11) NOT NULL AUTO_INCREMENT,
  `description` varchar(450) DEFAULT NULL,
  `duedate` date DEFAULT NULL,
  `clients_idclients` int(11) NOT NULL,
  PRIMARY KEY (`idifa`),
  KEY `fk_ifa_clients_idx` (`clients_idclients`)
) ENGINE=InnoDB AUTO_INCREMENT=164 DEFAULT CHARSET=utf8;
/*!40101 SET character_set_client = @saved_cs_client */;

--
-- Dumping data for table `deleted_ifa`
--

LOCK TABLES `deleted_ifa` WRITE;
/*!40000 ALTER TABLE `deleted_ifa` DISABLE KEYS */;
INSERT INTO `deleted_ifa` VALUES (1,'2pm meeting in the office','2015-01-28',68122),(2,'Call crump about bennys','2015-01-24',68123),(3,'Follow up on requirements to issue policy','2015-01-23',68124),(4,'Follow up with crump on her case','2015-01-28',68125),(5,'Follow up to see if he still needs insurance for a loan','2015-01-30',68126),(6,'contact nicole to schedule meeting for beginning of feb','2015-02-06',68127),(7,'Send Ken weekly email','2015-01-22',68128),(9,'call in AM to schedule meeting','2015-02-03',67614),(45,'Call about Benny stuff','2015-01-23',68123),(57,'submit surrender forms','2015-01-26',68131),(58,'call eddie to find out ssn and dob info for his kids','2015-01-26',68123),(59,'Call about Benny stuff','2015-01-23',68123),(63,'Zaker Client. Husband works for Verizon. IRA money. Will be taking lump sum from Verizon.','2015-02-14',68134),(65,'See if DI is issued and where collateral assignment cert from Guardian is','2015-01-30',68124),(67,'Follow up on ','2015-02-10',68137),(68,'Follow up on trasfer from Guardian into new annuity','2015-02-19',68137),(70,'See if we can schedule an appointment for thursday','2015-01-29',68141),(71,'Meeting at 11am (i think) at 25 st james place','2015-01-29',68142),(72,'Follow up about Adrinas health rating increase','2015-02-02',67975),(77,'Create working vault','2016-01-01',68150),(78,'awaissiddiki@hotmail.com','2015-01-27',68151),(79,'follow up. Music lead','2015-02-05',68151),(80,'Call eddit about getting the SSN for Amber','2015-01-29',68123),(83,'His loan is less than 250k so he doesnt need insurance','2015-01-29',68151),(84,'call to see if he still wants to meet','2015-02-12',68152),(85,'meeting in lodi with nicole. letip','2015-02-12',68127),(86,'Call in the morning to see if she has availability','2015-02-02',68153),(87,'Call in the AM to see when we can take the app that day','2015-02-03',68154),(88,'call to figure out when we can take the ap','2015-02-02',68155),(89,'faxed him nationwide app to 7183876073','2015-01-30',68156),(90,'follow up on faxed app','2015-02-05',68156),(91,'his DOB is changing. give him a call','2015-02-05',67842),(92,'lvm for life insurance app','2015-01-30',68157),(93,'spoke with him hes gonna fax back the pages and were going to fill it out together','2015-02-04',68156),(94,'9:15am appt in chester or something','2015-02-05',68153),(95,'call  in AM to take an app','2015-02-05',68156),(96,'lvm','2015-02-06',68155),(97,'call in setup application taking over the phone','2015-02-09',68154),(100,'call in AM to see if he can take an app over the phone','2015-02-06',68160),(101,'Meeting at his house ','2015-02-12',67842),(102,'pick up check for kevins policy','2015-02-16',67976),(104,'call 9am to take application','2015-02-11',68160),(105,'Meeting in office 2pm','2015-02-12',67614),(107,'Took app over the phone. waiting for him to return it','2015-02-13',68155),(110,'call cathy denis to setup lead for jim','2015-02-12',68162),(111,'meeting at 2pm in the office','2015-02-17',67614),(114,'call @ 11am to schedule him coming into the office at 12','2015-02-19',68154),(115,'2pm meet her to deliver policy','2015-02-18',68163),(117,'lvm for life app','2015-02-12',68157),(121,'call ovi to tell him about life insurance approvals','2015-02-17',68140),(127,'coming in @ 2pm','2015-02-19',68154),(152,'don\'t stop believing','2015-02-18',68193),(153,'no quotes','2015-02-23',68193),(154,'no quotes','2015-02-19',68193),(155,'quick test','2015-03-22',68193),(156,'quick test','2015-03-18',68193),(157,'nick s stuff','2015-02-26',68193),(158,'jackie s stuff','2015-02-26',68193),(159,'bills stuff','2015-02-10',68193),(160,'bill\"s stuff','2015-02-23',68193),(161,'bill\"s stuff','2015-02-10',68193),(162,'shes going to \"the play\" stuff stuff','2015-03-01',68193),(163,'shes going to \"the play\" stuff stuff','2015-02-10',68193);
/*!40000 ALTER TABLE `deleted_ifa` ENABLE KEYS */;
UNLOCK TABLES;

--
-- Table structure for table `ifa`
--

DROP TABLE IF EXISTS `ifa`;
/*!40101 SET @saved_cs_client     = @@character_set_client */;
/*!40101 SET character_set_client = utf8 */;
CREATE TABLE `ifa` (
  `idifa` int(11) NOT NULL AUTO_INCREMENT,
  `description` varchar(450) DEFAULT NULL,
  `duedate` date DEFAULT NULL,
  `clients_idclients` int(11) NOT NULL,
  PRIMARY KEY (`idifa`),
  KEY `fk_ifa_clients_idx` (`clients_idclients`),
  CONSTRAINT `fk_ifa_clients` FOREIGN KEY (`clients_idclients`) REFERENCES `clients` (`idclients`) ON DELETE NO ACTION ON UPDATE NO ACTION
) ENGINE=InnoDB AUTO_INCREMENT=164 DEFAULT CHARSET=utf8;
/*!40101 SET character_set_client = @saved_cs_client */;

--
-- Dumping data for table `ifa`
--

LOCK TABLES `ifa` WRITE;
/*!40000 ALTER TABLE `ifa` DISABLE KEYS */;
INSERT INTO `ifa` VALUES (8,'He said he will call you should we contact him','2015-02-19',68129),(11,'Follow up to see if she has the inforce policy for her mother','2015-02-26',68130),(60,'see if shes ready for planning','2015-02-25',67982),(61,'review marias variable life policy','2015-03-18',67986),(62,'Wanted a policy on a grandchild or something','2015-02-20',67708),(64,'Follow up on DI stuff','2015-02-26',68135),(66,'Does he still need insurance? he dropped off the face of the planet last year.','2015-02-19',68136),(69,'Orphan.. saw early 2014.. pushed to fall bc of mortgage stuff.. then pushed again.. maybe follow up','2015-03-11',68139),(73,'Look into when her surrender period expires on Bankers annuities','2015-04-09',67744),(74,'Increase size of ifa edit buttons','2016-01-01',68150),(75,'Allow any input into description box without ifa being dropped','2016-01-01',68150),(76,'Create working vault','2016-01-01',68150),(81,'Follow up on meeting with dino last week','2015-02-25',68122),(82,'adding a week from the completed ifa section doesnt function','2016-01-01',68150),(98,'call to schedule taking an app','2015-02-19',68158),(99,'1pm advanced annuity meeting in the office','2015-02-23',68159),(103,'said he wants to get lunch in march','2015-02-27',67975),(106,'follow up on delivery reqs and questionairre','2015-02-19',68124),(108,'took app on the 11th. follow up to see if he mailed it back','2015-02-25',68160),(109,'setup appointment to review in the first week in march. prolly after the letip meeting','2015-02-25',68161),(112,'meeting at his house','2015-02-25',67842),(113,'call chris. picked up dads number. said we could get lunch','2015-02-19',68152),(116,'Call her about getting together','2015-02-23',68164),(118,'call to take life app. havent spoken to him before','2015-02-18',68157),(119,'follow up with nicole on getting pension info for tim','2015-02-26',68127),(120,'Prometric testing @ 830am','2015-02-23',68165),(123,'follow up with kevin and the premiums being refunded','2015-02-19',68198),(124,'follow up to see if he read the annuity docs','2015-02-25',67614),(125,'submit Ritzs shit','2015-02-27',68163),(126,'Verizon investment guy is IN. follow up today to review insurance','2015-02-19',68134),(128,'call in AM to schedule the medallion signature ','2015-02-20',68137);
/*!40000 ALTER TABLE `ifa` ENABLE KEYS */;
UNLOCK TABLES;
/*!40103 SET TIME_ZONE=@OLD_TIME_ZONE */;

/*!40101 SET SQL_MODE=@OLD_SQL_MODE */;
/*!40014 SET FOREIGN_KEY_CHECKS=@OLD_FOREIGN_KEY_CHECKS */;
/*!40014 SET UNIQUE_CHECKS=@OLD_UNIQUE_CHECKS */;
/*!40101 SET CHARACTER_SET_CLIENT=@OLD_CHARACTER_SET_CLIENT */;
/*!40101 SET CHARACTER_SET_RESULTS=@OLD_CHARACTER_SET_RESULTS */;
/*!40101 SET COLLATION_CONNECTION=@OLD_COLLATION_CONNECTION */;
/*!40111 SET SQL_NOTES=@OLD_SQL_NOTES */;

-- Dump completed on 2015-02-22 18:11:22
